time,REE_open,REE_high,REE_low,REE_close,REE_volume,FMC_open,FMC_high,FMC_low,FMC_close,FMC_volume,DHC_open,DHC_high,DHC_low,DHC_close,DHC_volume
2024-01-02,48.54,49.21,48.2,48.54,779590,42.97,44.17,42.97,43.78,18200,36.32,36.46,35.94,36.08,118392
2024-01-03,48.54,48.79,48.2,48.62,376152,43.54,43.88,43.5,43.69,26222,36.08,36.41,36.08,36.36,163177
2024-01-04,48.88,49.64,48.54,48.71,899128,43.88,44.07,43.64,43.83,19700,36.36,37.5,36.32,37.08,319156
2024-01-05,48.71,48.79,48.37,48.45,555100,43.74,43.88,43.59,43.88,26206,37.22,38.31,36.84,37.98,467567
2024-01-08,48.45,48.79,47.95,47.95,920506,44.12,44.17,43.88,43.88,34900,38.45,39.73,38.36,39.5,897677
2024-01-09,47.61,47.86,47.27,47.36,1088205,44.22,44.46,43.88,44.46,105000,39.4,39.73,38.93,39.31,551193
2024-01-10,47.52,47.61,46.93,47.1,684484,44.55,44.55,43.88,43.88,33320,39.31,39.4,38.69,38.69,265830
2024-01-11,47.1,47.36,46.93,47.1,430404,43.98,43.98,43.74,43.88,43300,38.69,39.12,38.69,38.69,90736
2024-01-12,47.02,47.1,46.43,46.51,792673,43.69,43.88,43.01,43.16,49100,38.17,38.69,38.17,38.6,364058
2024-01-15,46.51,47.1,46.51,46.6,193593,43.01,43.26,42.49,42.58,33501,38.6,39.69,38.31,39.4,357495
2024-01-16,46.68,47.19,46.34,46.93,311396,42.53,42.58,41.86,42.05,61932,39.4,39.64,39.21,39.4,237042
2024-01-17,46.93,47.61,46.68,47.36,350082,42.05,43.01,41.96,42.05,25900,39.21,39.4,38.93,38.97,136056
2024-01-18,47.44,47.52,46.93,47.02,296824,42.24,42.24,40.9,41.48,100885,38.97,39.64,38.97,39.5,603805
2024-01-19,47.02,47.61,46.85,47.27,288408,41.81,42.82,41.48,42.1,163700,39.59,39.59,39.26,39.31,212866
2024-01-22,47.69,47.69,47.19,47.36,218338,41.57,42.1,41.52,41.67,60700,39.31,39.31,38.55,38.55,223672
2024-01-23,47.36,48.45,47.27,48.03,495237,41.62,41.67,41.19,41.19,90048,38.93,39.02,38.55,38.6,75012
2024-01-24,48.03,48.12,47.52,47.95,232377,41.28,41.38,41.09,41.19,86704,38.6,38.93,38.55,38.64,140558
2024-01-25,47.69,47.95,47.1,47.52,357292,41.14,41.28,41.14,41.19,59608,38.69,38.88,38.45,38.45,89316
2024-01-26,47.36,47.69,47.27,47.44,415943,41.19,41.72,41.19,41.57,19200,38.55,38.83,37.93,38.07,188604
2024-01-29,47.44,47.95,47.36,47.69,338629,41.38,41.96,41.38,41.86,69220,38.17,38.5,37.65,37.79,200945
2024-01-30,47.52,47.78,47.27,47.61,710711,42.1,43.16,41.91,43.11,79531,38.07,38.69,38.07,38.64,215739
2024-01-31,47.86,47.95,47.02,47.27,592351,43.21,43.21,42.53,42.92,61400,39.07,40.54,38.74,40.16,622856
2024-02-01,47.27,47.61,46.68,46.77,886542,42.82,43.98,42.63,43.35,144212,40.26,40.35,39.88,39.92,434249
2024-02-02,46.68,47.36,46.43,46.43,725061,43.35,44.12,43.11,43.4,75556,39.97,40.35,39.83,39.92,486394
2024-02-05,46.68,47.44,46.6,46.85,594933,44.27,44.36,43.83,44.17,113911,39.92,40.3,39.78,39.88,355196
2024-02-06,46.85,47.78,46.85,47.44,610931,44.17,44.27,44.07,44.07,32645,40.21,40.21,39.4,39.88,185115
2024-02-07,47.69,47.86,47.52,47.69,323806,44.07,44.07,43.78,44.07,55725,40.35,40.35,39.83,39.97,266685
2024-02-15,47.78,49.8,47.78,49.21,1291392,44.27,44.75,44.07,44.27,187467,40.35,40.35,39.21,39.88,224801
2024-02-16,49.21,50.48,49.21,49.55,891768,44.27,44.7,44.27,44.46,46001,39.73,39.78,39.45,39.5,386562
2024-02-19,49.8,50.06,49.3,49.97,1088195,44.46,45.42,44.31,44.75,113027,39.59,40.16,39.54,39.69,190423
2024-02-20,50.06,50.06,49.38,49.64,626086,44.84,45.23,44.75,44.99,33025,39.73,39.73,39.45,39.5,101881
2024-02-21,49.64,50.99,49.38,50.82,1074514,45.18,45.18,44.55,44.75,35300,39.69,39.69,39.16,39.4,278554
2024-02-22,50.9,50.9,50.23,50.31,466586,44.75,44.94,43.98,43.98,81510,39.31,41.11,39.12,40.54,762885
2024-02-23,50.39,50.65,49.38,49.38,1051386,44.03,45.23,44.03,44.46,114809,40.54,40.64,39.5,39.5,257544
2024-02-26,49.72,49.72,48.96,49.04,840189,44.46,47.54,43.93,46.67,339870,39.64,40.45,39.54,40.26,419130
2024-02-27,49.64,50.06,49.21,49.89,655015,46.86,47.15,46.19,46.19,131745,40.26,40.45,39.69,40.16,593856
2024-02-28,50.23,51.75,49.97,51.66,1565959,46.29,46.67,45.52,45.52,156004,40.16,40.3,39.59,40.07,249382
2024-02-29,51.66,52.51,51.49,51.66,981417,45.61,46.86,45.56,46.0,156026,40.07,40.07,39.21,39.69,249994
2024-03-01,51.66,53.1,51.66,52.59,1219253,46.38,46.38,46.0,46.0,87474,39.69,39.97,39.59,39.97,362281
2024-03-04,52.59,53.35,52.17,52.51,1404079,46.24,46.53,45.52,45.52,128276,40.35,41.49,40.35,40.73,797885
2024-03-05,52.59,53.52,52.25,53.43,1129980,45.52,46.48,45.32,46.19,144354,40.73,40.83,40.35,40.64,313058
2024-03-06,53.26,53.35,52.51,52.67,757384,46.24,46.62,45.9,46.24,95816,40.73,40.73,39.97,39.97,415269
2024-03-07,52.59,53.26,52.51,53.18,1108310,46.29,46.48,46.0,46.29,120234,40.16,40.83,39.4,40.83,422673
2024-03-08,53.18,54.53,53.01,53.26,1690974,46.67,46.67,46.24,46.38,148800,41.11,41.21,40.07,40.07,267074
2024-03-11,53.18,53.18,51.83,52.34,1057379,46.29,47.73,46.24,46.62,134105,40.07,41.3,39.88,40.54,698367
2024-03-12,52.34,53.1,52.0,52.34,1020734,47.06,47.06,46.62,47.06,95100,40.54,40.97,40.21,40.64,248843
2024-03-13,52.84,54.19,52.59,53.69,1471115,47.2,48.21,47.15,47.73,178944,41.21,42.25,40.92,41.87,618877
2024-03-14,54.19,54.7,53.77,54.28,1257473,47.78,49.08,47.78,48.4,182349,41.59,44.77,41.59,43.67,1162520
2024-03-15,54.45,54.45,53.18,54.02,809650,48.6,48.98,47.83,47.92,117199,43.72,43.77,43.15,43.58,630289
2024-03-18,54.02,54.02,51.15,52.08,1555213,47.87,47.92,46.29,46.43,128108,43.58,43.82,40.92,41.49,646920
2024-03-19,52.67,52.67,51.66,52.17,905943,46.48,47.63,46.48,46.96,44260,41.54,42.44,41.54,41.78,306913
2024-03-20,52.25,52.59,51.58,52.42,823360,46.96,47.49,46.86,47.25,45220,41.78,42.11,41.11,41.44,224871
2024-03-21,53.1,53.26,52.42,53.1,968157,47.97,48.4,47.15,48.12,123924,41.49,42.82,41.49,42.06,825322
2024-03-22,53.94,54.78,53.35,54.11,1680649,47.97,48.12,47.63,47.63,128047,41.78,42.35,41.4,41.78,474760
2024-03-25,54.11,55.04,53.35,53.6,1017832,47.3,47.97,46.38,47.15,128310,41.78,41.97,40.83,41.4,479613
2024-03-26,53.6,54.45,53.43,54.11,705759,47.15,48.02,46.72,48.02,72317,41.25,41.49,40.87,41.49,210902
2024-03-27,54.45,54.45,53.77,53.94,640155,48.12,48.31,47.97,48.07,28114,41.78,41.78,41.4,41.59,370309
2024-03-28,54.19,54.28,53.77,53.94,516396,48.07,48.4,47.63,48.31,23826,41.59,42.25,41.49,41.73,469858
2024-03-29,53.94,54.53,53.69,53.86,884521,48.31,48.31,46.72,46.72,50126,41.68,41.82,41.44,41.44,182020
2024-04-01,53.86,54.19,52.84,53.43,1105427,46.96,47.63,46.96,47.39,25238,41.49,41.49,40.83,40.83,466312
2024-04-02,53.6,54.11,53.18,54.11,987871,47.3,48.07,47.3,48.07,54010,40.83,41.63,40.4,41.54,233011
2024-04-03,54.19,54.95,53.6,53.77,1182227,48.79,48.88,47.73,48.79,145161,41.68,42.54,41.4,41.87,717123
2024-04-04,53.6,53.77,53.01,53.1,943695,48.88,48.88,47.25,48.02,56993,41.59,41.87,40.92,41.02,349839
2024-04-05,53.01,53.43,52.84,52.84,620751,48.02,48.12,47.15,48.12,134203,40.83,41.02,40.45,40.54,333059
2024-04-08,52.67,52.93,52.17,52.76,760638,48.6,48.6,47.68,48.21,64238,40.45,40.45,39.88,40.02,269921
2024-04-09,52.93,53.18,52.76,53.01,486954,48.21,48.5,48.02,48.31,74125,39.92,40.21,39.92,40.07,163032
2024-04-10,53.18,53.35,52.84,52.84,560158,48.31,48.6,48.12,48.12,34467,40.35,40.49,39.5,39.5,206939
2024-04-11,52.34,53.1,52.34,53.1,849092,47.25,48.4,47.25,48.02,57821,39.4,39.64,39.21,39.5,134114
2024-04-12,53.61,53.95,53.18,53.87,641959,48.12,48.4,47.63,47.63,44901,39.59,39.97,39.45,39.97,168392
2024-04-15,53.35,53.87,52.15,52.24,1364392,47.63,47.63,45.23,45.23,108280,39.88,39.88,37.27,37.31,388871
2024-04-16,52.41,52.58,51.21,51.81,1127709,45.23,45.95,45.23,45.66,70738,37.36,37.5,36.6,37.31,387585
2024-04-17,52.15,52.5,51.47,51.47,676496,48.6,48.6,45.71,47.15,30500,37.5,37.74,36.27,36.65,234721
2024-04-19,50.69,51.47,49.49,49.75,1577895,45.32,46.96,45.32,46.38,30100,36.36,36.36,35.13,36.08,424974
2024-04-22,50.01,51.12,49.92,50.52,880026,46.96,46.96,46.09,46.53,15137,37.22,37.5,36.08,36.36,155334
2024-04-23,50.27,50.69,49.92,50.09,816436,46.53,46.58,45.9,46.24,28215,36.74,36.74,36.13,36.55,80501
2024-04-24,50.52,52.07,50.35,51.72,1084738,46.96,47.54,45.81,47.06,78768,36.84,37.31,36.74,37.12,44750
2024-04-25,51.64,51.64,50.87,51.47,615280,47.06,47.15,46.77,47.15,20460,37.12,37.12,36.41,36.41,237676
2024-04-26,51.29,53.01,50.87,52.84,1228590,47.15,47.59,46.67,46.72,45880,36.41,36.41,35.7,36.08,403450
2024-05-02,52.5,55.07,52.32,55.07,2466357,46.72,47.35,46.58,46.86,22450,36.08,36.46,35.98,36.08,122857
2024-05-03,55.07,56.53,55.07,56.53,3665401,47.92,47.92,47.15,47.54,23535,36.46,36.46,36.08,36.13,177895
2024-05-06,56.87,56.87,55.84,56.01,1613605,47.97,50.04,47.97,49.94,119850,36.17,37.31,36.17,37.03,490137
2024-05-07,56.53,56.53,55.58,55.76,1419900,49.94,50.23,49.37,49.75,72361,37.12,37.41,36.84,36.98,389736
2024-05-08,56.27,57.13,55.5,56.96,3578672,49.27,50.04,49.27,49.85,71859,37.03,37.22,36.74,37.03,370764
2024-05-09,57.73,57.9,56.44,56.61,1332458,51.48,52.93,50.04,51.58,161592,37.41,38.55,37.27,37.41,626500
2024-05-10,56.87,57.04,55.76,56.61,1203649,51.58,51.58,50.04,50.81,32808,37.5,37.69,37.03,37.03,388531
2024-05-13,57.13,58.33,56.53,57.47,1528399,51.19,51.48,51.0,51.0,139835,37.27,37.27,36.17,36.27,776668
2024-05-14,58.07,58.07,56.96,57.13,592918,51.0,51.0,49.45,50.0,68401,36.27,36.84,36.27,36.84,146156
2024-05-15,57.13,57.64,56.96,57.13,1107509,50.5,51.2,50.0,50.0,55944,36.89,37.46,36.79,37.03,449645
2024-05-16,57.81,59.19,57.21,58.84,1738682,50.1,51.2,50.1,50.7,32621,37.6,37.6,37.08,37.17,323136
2024-05-17,59.1,59.19,58.33,58.33,1483345,50.7,51.1,50.5,51.1,81611,37.17,38.83,37.17,38.83,1720663
2024-05-20,58.67,58.84,57.56,57.9,1281576,50.9,51.1,50.2,50.5,108421,38.97,39.45,38.6,38.64,496761
2024-05-21,58.99,59.09,57.9,58.39,1070162,50.3,50.4,49.6,49.7,124145,38.74,38.74,37.98,38.41,607529
2024-05-22,58.3,58.99,58.1,58.39,668317,50.0,50.6,50.0,50.6,56941,38.45,39.69,38.41,38.83,769621
2024-05-23,58.3,60.86,57.8,60.66,2223278,50.0,51.0,50.0,50.7,59008,38.83,40.4,38.64,39.88,878707
2024-05-24,60.76,60.76,58.79,59.97,1416788,50.3,51.5,50.3,51.0,111104,39.73,39.88,38.36,38.83,861532
2024-05-27,60.17,61.35,59.68,61.35,1002470,51.2,52.6,50.9,52.6,65074,38.93,39.21,38.22,38.55,342943
2024-05-28,61.65,62.64,61.16,62.44,1048638,52.7,53.0,51.5,52.0,72405,38.83,39.07,38.17,39.07,491135
2024-05-29,62.64,62.64,60.96,61.16,754618,52.0,52.9,51.5,52.3,46906,39.12,40.07,38.93,39.5,825469
2024-05-30,60.66,61.16,60.27,61.16,1136145,51.0,51.9,50.0,51.3,62833,39.45,40.78,39.21,40.26,869623
2024-05-31,61.55,61.95,60.66,61.45,732168,51.0,51.6,50.5,50.5,69910,40.35,41.02,40.07,40.54,635561
2024-06-03,61.65,62.34,61.55,62.14,760418,50.9,52.0,50.8,51.0,45750,41.3,41.3,40.35,40.4,653120
2024-06-04,62.14,62.24,61.45,61.65,463189,51.0,51.7,50.8,51.4,73703,40.59,40.64,40.07,40.45,571893
2024-06-05,61.45,62.04,61.45,61.75,681853,51.4,51.5,51.0,51.2,46128,40.68,41.97,40.3,41.87,1196554
2024-06-06,61.75,62.34,61.16,61.16,565629,50.8,51.8,50.8,51.2,42102,41.78,41.97,41.3,41.78,501430
2024-06-07,61.26,61.75,60.66,61.16,460634,51.2,51.2,50.7,51.0,37919,41.59,41.87,41.06,41.68,378733
2024-06-10,61.26,62.44,61.16,61.35,644881,51.4,51.8,50.7,51.5,92074,41.68,41.78,40.81,41.1,388533
2024-06-11,61.85,62.44,61.16,61.16,611624,51.6,51.7,51.4,51.6,35327,41.1,41.29,40.18,40.32,521827
2024-06-12,61.45,62.64,61.16,62.64,1322762,51.9,51.9,51.3,51.3,53811,40.32,40.76,39.25,40.71,625938
2024-06-13,64.02,64.02,62.83,63.13,898465,51.3,52.3,51.3,52.0,46473,40.71,40.81,39.84,40.76,407394
2024-06-14,63.23,63.33,60.66,60.66,1217305,52.0,52.5,50.7,51.9,63820,40.37,40.81,40.03,40.22,314818
2024-06-17,60.66,61.65,60.56,60.76,819150,51.1,52.0,51.1,51.4,33513,40.56,40.56,39.54,39.74,262104
2024-06-18,60.86,62.93,60.76,62.64,900479,51.4,52.0,51.0,51.4,52713,39.84,40.52,39.84,40.13,216991
2024-06-19,62.54,62.83,61.85,62.83,672971,51.9,52.5,51.4,51.7,72109,40.13,41.49,40.08,41.29,736917
2024-06-20,62.64,65.69,62.64,64.81,1600113,51.7,52.0,50.9,50.9,66404,41.49,41.49,40.76,41.05,223257
2024-06-21,65.99,65.99,63.62,63.62,938085,50.8,50.8,50.0,50.2,61210,41.54,41.54,41.05,41.2,474472
2024-06-24,63.72,64.31,61.16,62.74,1144846,50.2,50.2,49.0,49.25,80327,41.2,41.2,39.2,39.2,489815
2024-06-25,62.74,64.61,62.74,63.23,766216,49.25,49.35,49.0,49.3,17051,39.16,39.4,38.86,39.4,183857
2024-06-26,63.92,63.92,62.04,63.13,973589,49.3,49.75,49.2,49.5,17603,39.69,39.69,38.72,38.91,175858
2024-06-27,63.13,64.02,62.34,63.13,806900,49.5,49.9,49.0,49.8,23413,38.96,39.35,37.89,38.09,455028
2024-06-28,62.64,62.74,61.75,61.75,1165698,49.05,49.75,49.05,49.05,28700,37.99,38.38,37.89,37.99,265152
2024-07-01,61.75,62.74,60.96,62.64,1044666,49.3,49.7,48.0,49.1,54577,37.99,39.06,37.99,39.06,138212
2024-07-02,62.93,62.93,62.14,62.34,905177,49.0,49.55,49.0,49.55,18940,39.2,39.25,38.77,39.06,104441
2024-07-03,62.54,63.13,62.14,63.13,1012861,50.4,50.4,49.55,49.8,23590,39.3,39.35,38.82,39.06,56494
2024-07-04,63.13,64.61,62.83,64.41,1481030,49.8,49.8,49.3,49.8,16766,38.91,39.59,38.86,39.3,128980
2024-07-05,64.91,64.91,63.13,64.31,838116,49.75,50.0,49.5,50.0,34308,39.25,39.59,39.16,39.4,95050
2024-07-08,65.1,65.89,64.71,65.6,1684807,50.0,51.3,50.0,51.2,58229,39.35,39.35,38.77,39.25,268745
2024-07-09,66.09,69.05,64.91,68.55,2165255,50.5,52.2,50.5,52.0,150345,39.25,39.35,38.82,39.25,288777
2024-07-10,69.44,71.32,68.16,70.23,2412860,52.2,52.2,51.6,51.8,19773,39.5,40.32,39.06,39.54,351530
2024-07-11,70.33,72.3,70.03,70.53,1711493,51.9,51.9,51.1,51.2,23900,39.59,40.27,39.59,39.84,294599
2024-07-12,70.23,70.43,69.34,70.13,1140145,51.1,51.2,50.6,51.2,47536,39.93,39.93,38.28,39.25,126328
2024-07-15,70.13,71.32,69.44,71.02,1226928,51.2,51.2,50.4,50.6,22801,39.25,39.69,39.06,39.35,107978
2024-07-16,71.02,72.89,70.53,72.89,1126867,50.5,50.7,50.1,50.4,49240,39.25,39.69,38.91,38.91,286148
2024-07-17,72.99,74.67,68.06,71.22,2125888,50.3,50.5,49.15,49.15,52600,39.06,39.06,37.41,38.57,499157
2024-07-18,71.22,71.61,68.65,71.02,1609329,49.2,49.9,49.2,49.9,30300,38.48,38.57,37.94,38.57,189786
2024-07-19,71.02,71.02,69.34,69.34,930742,49.9,49.9,49.15,49.25,33002,38.57,38.57,37.99,38.33,83457
2024-07-22,69.05,69.34,67.57,67.57,1539493,49.3,49.8,47.0,49.5,41402,37.99,38.38,37.26,37.41,230806
2024-07-23,67.47,69.05,67.17,67.37,1222031,50.5,50.6,48.0,49.15,69106,37.41,37.89,37.41,37.41,144586
2024-07-24,67.08,68.06,65.1,68.06,1138107,49.15,49.15,46.5,49.15,82139,37.31,37.7,36.97,37.5,130356
2024-07-25,67.86,69.84,67.47,69.54,1050377,48.15,49.45,48.15,48.6,5955,37.8,37.8,37.12,37.46,23316
2024-07-26,69.54,70.53,69.44,70.03,1053163,49.65,49.65,48.5,48.9,14900,37.46,37.7,37.41,37.6,41661
2024-07-29,70.43,70.92,69.34,70.53,570790,48.9,48.95,47.95,48.9,18100,37.89,37.94,37.65,37.65,29664
2024-07-30,70.03,70.23,67.57,69.54,2000914,49.0,49.6,48.55,48.85,10900,38.14,38.14,37.7,37.99,52921
2024-07-31,68.06,68.65,66.88,68.65,2042585,48.85,49.05,48.8,48.9,11600,37.41,37.99,37.36,37.99,162460
2024-08-01,68.46,68.46,65.1,66.98,1598854,49.0,49.0,47.05,48.45,27000,37.89,37.89,37.12,37.5,153464
2024-08-02,64.91,69.34,64.91,69.34,1562939,48.45,49.05,47.5,48.95,42100,37.07,37.41,36.92,37.12,112410
2024-08-05,67.86,67.86,64.51,64.51,1152417,48.5,48.9,47.05,47.05,29100,37.07,37.07,35.46,36.19,377103
2024-08-06,64.61,66.19,64.31,65.79,662287,46.6,47.1,46.5,47.1,24600,36.0,36.44,34.98,35.56,639919
2024-08-07,66.09,66.29,64.91,64.91,427579,47.2,47.2,46.75,46.75,17100,35.56,35.95,35.56,35.75,44465
2024-08-08,64.91,66.38,64.81,65.4,486844,47.2,47.55,47.0,47.0,12300,36.14,36.34,35.37,35.85,247171
2024-08-09,66.29,66.38,65.69,66.09,545300,47.3,47.85,47.1,47.55,12200,35.9,36.53,35.9,36.34,83769
2024-08-12,66.09,68.55,66.09,67.96,822176,47.55,47.7,47.55,47.55,10900,36.82,36.87,36.24,36.87,155217
2024-08-13,67.86,68.06,66.09,66.88,727785,47.6,47.8,47.4,47.65,10400,36.92,37.02,36.63,36.92,68986
2024-08-14,67.57,68.55,66.58,68.06,691646,47.7,47.8,47.65,47.75,24700,36.82,37.41,36.82,36.92,81526
2024-08-15,68.06,68.16,66.48,66.58,575484,47.75,47.8,46.5,47.05,16100,36.92,37.26,36.44,36.92,98285
2024-08-16,66.68,68.95,66.68,68.95,1121059,47.55,48.0,47.5,47.7,14700,36.82,37.41,36.82,37.36,162995
2024-08-19,68.95,70.33,68.65,69.34,968709,47.85,48.4,47.85,48.25,17800,37.7,37.7,37.31,37.41,43820
2024-08-20,69.34,69.44,68.36,68.95,738417,48.25,48.45,48.0,48.1,8500,37.12,37.41,37.12,37.36,87502
2024-08-21,69.25,69.74,68.55,69.15,747580,48.2,48.4,47.95,48.05,26700,37.36,37.6,37.26,37.41,137665
2024-08-22,69.64,69.64,68.65,68.75,604774,48.05,48.1,48.0,48.1,6700,37.41,37.5,36.92,37.36,109275
2024-08-23,68.55,69.74,68.55,69.64,888460,48.1,48.2,48.0,48.05,7100,37.36,37.36,36.92,37.31,62202
2024-08-26,70.33,70.63,68.46,69.05,678177,48.05,48.3,48.0,48.05,18500,37.31,37.5,37.12,37.21,61520
2024-08-27,68.65,69.05,67.47,67.67,694135,48.05,48.8,48.05,48.5,37900,37.16,37.21,36.92,37.07,77718
2024-08-28,67.77,68.06,67.27,67.67,531151,48.6,48.8,48.5,48.5,19700,37.07,37.12,36.78,37.02,115322
2024-08-29,67.57,68.06,67.47,68.06,329921,47.65,48.5,47.65,48.1,12200,36.92,37.02,36.48,37.02,203182
2024-08-30,67.77,68.26,67.57,67.67,342819,48.1,48.3,47.95,48.15,12200,36.87,36.97,36.63,36.97,98063
2024-09-04,67.08,67.17,66.09,66.09,771476,48.15,48.15,47.7,48.1,26300,36.97,36.97,36.44,36.44,96980
2024-09-05,66.19,66.58,64.21,64.41,1122537,48.0,48.1,47.75,47.9,17100,36.44,36.68,36.0,36.0,203728
2024-09-06,64.12,65.0,62.93,64.71,934374,48.2,48.2,47.0,47.0,53700,36.0,36.14,35.8,35.95,184448
2024-09-09,64.81,65.89,64.71,65.2,510059,47.3,47.3,46.7,46.7,35600,35.9,36.44,35.9,36.34,65445
2024-09-10,65.4,65.6,64.02,64.12,656484,46.8,47.0,46.7,46.75,24100,36.63,36.63,35.8,35.85,126589
2024-09-11,64.12,65.1,64.02,64.21,493269,46.7,46.7,45.6,46.3,15900,35.85,36.34,35.75,36.14,117837
2024-09-12,65.0,65.0,64.21,64.81,281840,46.3,46.85,46.3,46.5,65200,36.24,36.29,35.95,36.05,59733
2024-09-13,64.81,65.1,64.61,64.81,261429,46.8,46.8,46.45,46.45,24200,36.05,36.14,35.9,36.05,67233
2024-09-16,64.91,64.91,63.82,63.82,567485,46.5,46.9,46.45,46.5,16800,36.09,36.09,35.8,35.9,123854
2024-09-17,64.12,64.12,63.23,64.02,834652,46.5,46.7,45.65,46.7,14900,35.95,36.05,35.9,35.95,63203
2024-09-18,64.12,65.1,64.12,64.91,638386,46.7,46.7,46.45,46.5,57000,36.24,36.24,35.95,36.09,88420
2024-09-19,65.1,65.6,64.91,65.2,478001,47.0,47.0,46.45,46.8,23300,36.09,36.73,36.09,36.53,82898
2024-09-20,65.6,66.29,65.6,65.69,846625,46.8,47.35,46.8,47.0,31900,36.48,36.63,36.44,36.53,77421
2024-09-23,65.89,66.09,65.69,65.79,492915,47.05,47.3,46.8,47.0,13500,36.97,36.97,36.34,36.44,43142
2024-09-24,65.79,66.09,65.5,65.69,459452,47.0,47.25,46.8,47.05,15500,36.44,36.44,36.24,36.39,35540
2024-09-25,65.99,66.88,65.69,66.58,689545,47.3,47.3,47.0,47.1,35700,36.58,36.63,35.95,36.24,361068
2024-09-26,66.98,67.27,66.48,66.48,567073,47.0,47.3,46.7,47.0,41100,36.24,36.34,36.14,36.19,71572
2024-09-27,66.58,67.08,65.69,65.79,483680,47.0,47.15,46.8,47.0,49600,36.19,36.24,36.05,36.19,79295
2024-09-30,65.5,65.99,65.3,65.69,369025,46.75,47.15,46.75,47.05,43400,35.95,36.44,35.95,36.09,77144
2024-10-01,65.79,66.29,65.69,65.79,444815,47.05,47.05,46.85,46.9,18700,36.09,36.78,36.09,36.53,205858
2024-10-02,65.5,66.88,65.5,66.48,674129,46.75,46.75,46.65,46.75,32500,36.44,36.53,36.24,36.24,56601
2024-10-03,66.88,67.08,65.69,65.89,476916,47.0,47.1,46.4,46.5,64000,36.24,36.92,35.85,36.44,204735
2024-10-04,66.09,66.09,65.4,65.4,340230,46.5,47.55,46.3,46.35,43200,36.44,36.53,36.24,36.24,55701
2024-10-07,65.6,66.38,64.91,64.91,525314,46.9,46.95,46.35,46.5,30200,36.09,36.48,36.09,36.19,69569
2024-10-08,65.2,65.4,64.51,64.71,421215,46.5,47.25,46.5,47.25,36200,36.19,36.24,36.09,36.14,119016
2024-10-09,64.71,64.71,64.41,64.71,520281,47.3,47.65,46.8,47.25,36300,36.14,36.34,36.14,36.19,64103
2024-10-10,64.71,65.0,64.51,64.61,662405,47.35,47.95,47.3,47.45,52700,36.39,36.39,36.09,36.14,88004
2024-10-11,64.81,65.2,64.51,64.71,639222,47.55,48.2,47.55,47.65,71000,36.19,36.19,35.95,36.0,182537
2024-10-14,65.6,65.69,64.81,65.0,412849,47.8,48.65,47.8,48.1,15000,36.19,36.19,35.9,36.0,80948
2024-10-15,65.0,65.3,64.31,64.31,373611,48.1,48.4,47.8,48.0,44100,36.0,36.05,35.75,35.8,95290
2024-10-16,64.12,64.61,63.72,64.02,424100,48.4,48.5,47.85,48.2,15300,35.61,35.85,35.56,35.71,55180
2024-10-17,64.02,64.31,63.92,64.02,336606,48.05,49.0,47.9,48.0,18600,35.66,35.85,35.56,35.56,49555
2024-10-18,64.02,64.61,63.92,63.92,288718,48.0,48.45,48.0,48.15,36700,35.8,35.8,35.32,35.32,65715
2024-10-21,63.82,63.92,63.13,63.23,381578,47.95,47.95,47.1,47.45,48600,35.37,35.71,35.37,35.56,390369
2024-10-22,63.13,63.23,62.14,62.24,641849,47.45,47.45,46.4,46.4,84500,35.51,35.75,34.98,35.32,184790
2024-10-23,62.14,62.64,62.04,62.44,373224,46.8,46.8,46.0,46.0,29000,35.32,35.37,35.12,35.12,78172
2024-10-24,62.44,62.64,62.14,62.64,457866,45.5,46.2,45.5,45.75,32500,35.17,35.27,33.13,33.13,286801
2024-10-25,63.03,63.03,62.14,62.14,271438,45.75,47.2,45.75,45.9,73400,33.52,33.86,33.03,33.47,347160
2024-10-28,62.34,62.64,62.04,62.44,285878,45.8,46.0,45.3,45.7,24900,33.57,33.57,33.28,33.47,107719
2024-10-29,62.44,63.72,62.34,63.72,561516,45.9,45.9,45.6,45.75,17600,33.47,33.91,33.37,33.71,138173
2024-10-30,64.02,64.31,63.82,64.12,644230,46.0,46.2,45.7,46.1,29400,33.91,34.3,33.81,34.3,162976
2024-10-31,63.82,63.92,61.75,63.23,392046,46.0,46.0,45.8,45.8,7500,34.39,34.69,34.3,34.59,149122
2024-11-01,63.13,63.13,61.16,61.16,3433664,45.8,46.0,44.9,45.75,26700,34.59,34.59,34.05,34.1,48709
2024-11-04,61.45,63.23,61.16,63.13,1288748,45.7,45.7,44.7,45.5,41700,34.1,34.2,33.91,33.96,97731
2024-11-05,62.44,63.92,62.44,62.74,560724,45.45,45.45,44.8,45.3,42900,33.96,34.05,33.91,34.01,39740
2024-11-06,62.93,63.52,62.54,63.03,680225,45.0,45.75,45.0,45.75,23200,34.01,34.49,34.01,34.49,61605
2024-11-07,63.33,63.82,62.83,63.62,696362,45.75,45.95,45.65,45.65,10100,34.98,34.98,34.05,34.73,45736
2024-11-08,64.02,64.02,63.43,63.72,701768,45.65,46.5,45.65,46.1,76900,34.49,34.73,34.25,34.64,91917
2024-11-11,63.72,64.12,63.13,64.12,551658,46.1,46.5,45.75,46.35,97400,34.69,34.98,34.3,34.39,91575
2024-11-12,64.51,65.1,64.21,64.91,753078,46.35,46.5,45.8,45.85,63500,34.39,34.78,34.15,34.2,67476
2024-11-13,64.71,64.71,63.92,64.51,547539,45.5,45.85,45.25,45.5,54500,34.01,34.2,32.74,33.81,170616
2024-11-14,64.71,65.1,64.12,64.12,527937,46.0,46.75,45.85,46.6,130600,34.1,34.1,33.33,33.62,54258
2024-11-15,63.82,64.31,63.72,64.12,834415,46.5,46.5,45.55,46.2,3600,33.62,33.91,33.23,33.52,58765
2024-11-18,64.02,64.21,62.74,62.83,495632,46.3,46.3,45.8,45.95,60600,33.86,33.86,33.37,33.52,52673
2024-11-19,63.13,63.13,61.95,61.95,439051,45.55,46.3,45.55,45.75,15900,33.67,33.67,33.47,33.47,89296
2024-11-20,61.95,62.93,60.96,62.93,891973,45.6,45.9,45.45,45.6,90100,33.37,33.52,33.23,33.47,297042
2024-11-21,63.33,64.12,62.93,64.12,583013,45.6,45.95,45.55,45.85,17000,33.52,33.62,33.42,33.47,178439
2024-11-22,64.12,64.31,63.43,63.82,447065,45.7,46.2,45.7,46.0,43500,33.57,34.01,33.47,33.57,63364
2024-11-25,63.92,66.38,63.33,65.99,1600690,45.85,46.1,45.85,46.1,10700,33.57,33.86,33.52,33.57,135570
2024-11-26,65.99,66.19,65.5,65.79,494663,45.9,47.0,45.8,46.75,35200,33.62,33.81,33.52,33.52,84098
2024-11-27,65.79,66.58,65.4,66.09,969244,46.4,46.8,46.15,46.8,54600,33.57,33.71,33.42,33.52,48409
2024-11-28,66.19,66.29,65.69,66.09,643178,47.0,47.0,46.25,46.8,7300,33.52,33.81,33.42,33.42,90169
2024-11-29,66.29,66.29,65.89,66.29,499804,46.4,48.2,46.4,48.2,168100,33.28,33.57,33.28,33.52,78478
2024-12-02,66.38,66.88,65.69,65.89,520063,48.2,49.2,48.2,48.6,82900,33.62,34.73,33.62,34.69,268004
2024-12-03,66.19,67.57,65.6,66.88,1035645,48.6,49.0,48.6,48.8,69400,34.88,35.17,34.69,34.98,311615
2024-12-04,67.08,67.08,66.29,66.29,492089,48.2,48.85,48.2,48.85,36100,34.98,35.07,34.69,34.78,171604
2024-12-05,66.29,67.67,66.29,67.47,1133528,48.85,48.85,48.2,48.7,19200,34.78,35.61,34.69,35.17,1234835
2024-12-06,67.47,67.57,66.88,66.88,544436,49.1,49.15,48.0,49.0,60400,35.17,35.41,34.83,34.93,332933
2024-12-09,67.37,67.37,66.58,66.88,565276,48.9,49.0,48.2,48.3,16400,34.98,35.03,34.69,34.98,354343
2024-12-10,67.08,67.57,66.48,66.48,444921,47.25,48.35,47.25,48.3,51900,34.98,35.37,34.88,35.27,394006
2024-12-11,66.48,66.68,65.6,65.69,700559,48.2,48.2,47.6,48.1,18100,35.41,35.41,34.98,35.12,322565
2024-12-12,65.69,66.19,65.1,65.1,444534,47.65,48.1,47.65,47.85,17700,35.07,35.17,34.39,34.54,327741
2024-12-13,65.2,65.99,65.0,65.6,299749,47.85,47.85,47.0,47.25,46900,34.44,34.54,34.15,34.3,180889
2024-12-16,65.6,65.89,65.1,65.3,234786,47.15,47.25,46.7,46.7,22300,34.1,34.15,33.86,34.1,503374
2024-12-17,65.3,65.99,65.1,65.6,275875,46.75,46.85,46.3,46.55,57300,34.05,34.05,33.76,33.81,118569
2024-12-18,65.6,66.88,65.5,66.88,807547,46.55,47.0,46.3,47.0,38700,33.86,34.3,33.57,34.25,229371
2024-12-19,66.09,67.27,65.89,66.38,732751,46.8,47.0,46.2,46.5,51700,33.81,34.39,33.81,34.25,263699
2024-12-20,66.38,67.27,66.29,66.78,583062,46.5,46.9,46.25,46.9,39400,34.01,34.88,34.01,34.78,360014
2024-12-23,67.47,67.47,66.88,67.08,443423,46.6,46.9,46.6,46.75,24900,34.98,37.21,34.98,37.12,2405901
2024-12-24,67.08,67.08,66.48,66.58,445862,46.5,47.95,46.0,47.45,127000,37.41,37.46,36.44,37.16,762458
2024-12-25,66.58,68.75,66.58,67.77,1078560,47.4,47.45,47.0,47.4,39100,37.16,38.67,37.16,37.7,1346546
2024-12-26,67.86,67.96,67.08,67.08,372493,47.4,47.7,47.3,47.7,42800,38.09,38.09,37.21,37.5,525331
2024-12-27,67.47,67.47,66.78,67.08,413683,47.7,48.3,46.7,46.85,45300,37.02,37.6,36.82,37.21,433876
2024-12-30,66.58,67.17,66.09,66.09,412076,46.9,47.0,46.65,46.85,10100,37.21,37.26,36.39,36.39,337989
2024-12-31,66.29,66.98,65.69,66.98,402044,46.85,47.2,46.35,47.0,15900,36.14,36.78,36.14,36.63,320880
2025-01-02,66.98,66.98,65.89,66.09,341740,47.0,47.0,46.6,46.65,2900,36.63,36.87,36.39,36.68,253874
2025-01-03,66.38,66.38,64.12,64.51,662457,46.7,47.0,46.45,46.6,36400,36.63,37.7,36.44,37.46,1535667
2025-01-06,64.51,64.81,63.03,63.13,842876,46.8,46.8,46.1,46.2,15400,37.36,38.38,36.68,36.92,617967
2025-01-07,63.52,64.12,62.83,63.92,465093,46.3,46.75,45.7,45.9,38200,36.68,37.21,35.66,35.9,735175
2025-01-08,63.92,63.92,63.03,63.23,434273,45.8,46.45,45.05,46.45,26400,35.85,35.95,34.88,35.95,1129825
2025-01-09,63.23,63.72,62.93,63.52,156123,46.45,46.45,45.8,45.95,7600,36.14,36.14,35.56,35.85,213680
2025-01-10,63.92,63.92,63.03,63.43,338632,45.95,45.95,45.05,45.05,28800,35.85,36.0,35.03,35.12,394027
2025-01-13,63.43,64.12,62.93,64.12,323039,45.5,46.5,45.2,45.8,20200,34.49,35.12,34.2,35.07,521144
2025-01-14,64.21,64.51,63.72,64.51,230548,45.35,45.95,45.35,45.5,6300,35.27,35.27,34.59,34.59,274736
2025-01-15,64.12,64.51,63.92,64.02,357840,45.55,46.5,45.15,46.0,22200,34.59,35.66,34.59,35.66,461380
2025-01-16,64.02,64.71,63.92,64.71,234809,46.4,46.4,45.9,46.0,16300,35.71,35.71,35.27,35.56,215388
2025-01-17,64.71,65.99,64.61,65.79,567028,46.0,46.35,45.9,46.35,8000,35.56,36.34,35.41,35.95,325897
2025-01-20,65.79,66.09,64.51,65.99,387124,46.35,46.35,45.7,45.9,26600,35.95,36.29,35.51,35.51,268940
2025-01-21,66.09,66.09,65.1,65.1,278404,46.3,46.5,45.85,45.9,141100,35.51,35.8,35.17,35.17,97525
2025-01-22,65.3,65.3,64.41,64.51,411778,46.4,48.8,46.2,46.35,206300,35.17,35.41,35.03,35.17,139275
2025-01-23,64.51,65.0,64.41,65.0,339998,46.05,46.6,45.85,46.6,116800,35.17,35.56,35.07,35.37,192375
2025-01-24,65.1,65.1,64.12,64.12,1194291,46.7,46.7,46.1,46.5,22900,35.37,35.46,35.03,35.22,256270
2025-02-03,64.31,64.41,63.72,64.41,186608,46.2,46.5,44.55,46.2,120600,34.59,34.69,33.62,33.62,760251
2025-02-04,64.81,65.5,64.51,65.1,397373,46.3,47.4,46.0,47.1,71800,33.62,33.71,33.23,33.57,699157
2025-02-05,65.2,65.79,65.1,65.6,338249,47.9,47.9,45.2,46.6,50300,33.57,33.91,33.57,33.91,252693
2025-02-06,65.89,65.89,65.1,65.1,394631,46.6,47.65,46.5,47.2,49200,34.1,34.3,33.62,33.71,271493
2025-02-07,65.3,66.48,65.3,65.89,810050,47.2,48.2,47.2,48.0,147300,33.81,34.39,33.76,34.01,244624
2025-02-10,65.99,65.99,65.5,65.89,513605,48.0,48.9,47.6,47.65,98800,33.96,33.96,33.52,33.52,238457
2025-02-11,66.09,66.58,65.79,66.58,576757,48.0,48.0,46.6,47.0,70700,33.52,33.71,33.37,33.37,257287
2025-02-12,66.88,67.47,66.58,67.08,664358,46.7,47.7,46.7,46.8,59600,33.33,33.52,33.33,33.37,101476
2025-02-13,67.08,67.47,66.58,66.98,520505,46.75,46.8,46.4,46.8,49000,33.18,33.42,33.18,33.37,164950
2025-02-14,66.98,67.27,66.48,66.58,617785,46.55,46.8,46.5,46.8,53900,33.28,34.01,33.28,33.91,240142
2025-02-17,66.48,66.88,65.79,65.79,499798,46.6,46.8,46.45,46.5,48900,34.05,34.49,33.96,34.05,255798
2025-02-18,65.69,66.68,65.69,66.58,445520,46.5,46.7,46.4,46.6,26500,34.01,34.2,33.96,34.15,252110
2025-02-19,66.78,71.22,66.58,71.22,3066720,46.55,47.4,46.55,46.9,31600,34.2,34.2,33.91,34.01,200313
2025-02-20,72.5,72.5,71.12,71.12,799005,46.9,47.5,46.9,46.95,40900,34.44,34.78,34.2,34.39,309335
2025-02-21,71.12,71.81,69.94,71.02,1309705,47.2,47.5,46.95,46.95,56500,34.39,34.44,34.01,34.1,235120
2025-02-24,70.82,74.97,70.43,73.98,2335081,47.6,47.7,46.75,47.0,32800,34.1,34.15,33.81,33.96,304464
2025-02-25,73.98,74.28,72.89,73.29,799075,47.0,47.05,46.8,46.9,34100,33.96,34.44,33.96,34.2,140127
2025-02-26,73.29,73.98,72.3,72.6,1091093,46.9,46.9,46.45,46.45,65500,34.25,34.54,34.25,34.3,127206
2025-02-27,73.0,74.7,72.5,74.0,837089,46.45,46.8,46.4,46.75,60700,34.35,34.49,34.15,34.25,172478
2025-02-28,74.0,74.2,72.0,72.4,1058788,46.75,47.6,46.65,47.6,127700,34.3,34.39,34.05,34.25,302452
2025-03-03,72.9,72.9,71.9,72.6,754001,47.7,48.45,47.5,47.8,130500,34.39,34.93,34.35,34.69,314088
2025-03-04,72.0,73.6,71.6,73.1,1102229,48.35,48.7,48.0,48.65,225200,34.78,34.78,34.39,34.54,249080
2025-03-05,73.2,74.4,72.3,73.1,818652,48.8,49.85,48.8,49.25,245400,34.64,34.64,34.1,34.15,315086
2025-03-06,73.5,74.8,73.1,73.7,726275,49.7,49.95,48.9,49.45,128800,34.2,34.3,34.01,34.15,419505
2025-03-07,73.9,73.9,73.0,73.3,558584,49.7,49.8,48.6,49.45,102300,34.15,34.25,34.0,34.1,486302
2025-03-10,73.6,75.7,72.7,75.0,1791200,49.95,50.2,48.9,49.45,74600,34.15,34.35,33.9,33.9,248419
2025-03-11,73.8,74.9,73.8,74.6,698079,49.45,49.45,48.9,49.05,60800,33.8,33.8,33.55,33.6,236478
2025-03-12,74.6,75.0,73.6,73.8,557900,49.05,49.35,48.8,49.05,140900,33.5,33.8,33.3,33.45,328926
2025-03-13,74.2,74.2,72.1,72.2,1058800,49.0,49.4,48.0,48.05,177100,33.6,33.6,33.05,33.05,215450
2025-03-14,72.0,72.5,70.6,70.9,1005000,48.05,48.3,48.0,48.2,68300,33.0,33.1,32.55,32.8,366857
2025-03-17,70.9,71.9,70.4,70.8,673600,47.75,49.45,47.75,48.0,53300,32.85,32.95,32.75,32.9,73807
2025-03-18,70.5,72.1,70.5,71.3,477700,48.0,48.2,47.8,47.8,61700,33.0,33.2,32.7,32.85,215627
2025-03-19,71.0,71.3,69.6,70.1,863300,47.8,48.4,47.3,47.75,47200,32.85,33.05,32.6,32.6,113324
